,sample,median,mean
0,all_IESs,50.0,79.1292735042735
1,PGM-KD,67.0,129.95367483296215
2,Ku80c-KD,45.0,86.78784455490285
3,DevPF1-2-KD,66.0,143.85086937137763
4,DevPF2-4-KD,84.5,134.77874331550802
5,SPT5m-KD,85.0,179.39483641219675
6,DCL2/3/5-KD,85.0,153.20356347438752
7,EZL1-KD,77.0,145.69379062990362
8,ISWI1-KD,77.0,148.60543308839902
